lead_id,created_at,label_namespace,company,contact,channel,source_url,segment,problem_hypothesis,offer,status,last_touch,next_action,follow_up_date,evidence_uri,notes
C10K-000,2026-05-08,Codex10k,Internal,,,,,Run setup,10-Day Workflow Revenue Recovery Sprint,initialized,2026-05-08,Begin fresh lead sourcing,,docs/research.md,Do not mix with prior Revenue Run labels
C10K-001,2026-05-08,Codex10k,Creative Fabrica,,Greenhouse / Reddit,https://job-boards.eu.greenhouse.io/creativefabrica/jobs/4807276101,Ecommerce / marketing ops,"Needs AI workflows for email operations, content pipelines, campaign execution, optimization, and HITL governance",Workflow Revenue Recovery Sprint,hold_employment_style,2026-05-08,Do not apply as a job; pursue only if a fixed-scope vendor/project contact path appears,2026-05-09,docs/opportunity-log.md,Recent public job post but requires personal application details and likely employee-style involvement
C10K-002,2026-05-08,Codex10k,GCS,mohammed.k@gc-ti.com,Public hiring email,https://community.n8n.io/t/hiring-we-are-looking-for-a-n8n-automation-expert-to-build-ai-agent-workflows-freelance/132551,AI workflow / document automation,Asked for n8n multi-agent workflow developer to ingest and analyze documents and generate downstream AI prompts,10-Day Workflow Revenue Recovery Sprint,contacted_fixed_scope,2026-05-08,"Watch for reply; if positive, request anonymized sample docs and scope paid triage",2026-05-10,gmail:19e08e71637b72c1,Clarified this is not employment; Codex10k offers a done-for-you fixed-scope build
C10K-003,2026-05-08,Codex10k,Talents Team,,Make Community,https://community.make.com/t/hiring-make-com-http-make-com-automation-engineer-contract-part-time/103508,Automation contractor,"Needs Make scenarios, routers, scheduling, error handling, APIs, data mapping, docs, troubleshooting",Workflow Triage,qualified,2026-05-08,Apply via Make Community DM if account access is available,2026-05-09,docs/opportunity-log.md,No direct email visible; avoid scraping or bypassing platform
C10K-004,2026-05-08,Codex10k,Creative Fabrica Reddit poster,,Reddit,https://www.reddit.com/r/n8n/comments/1t49b3r/hiring_ai_marketing_specialist_agentic_ai/,B2C marketing automation,Poster confirmed freelancers may be considered if similar timezone and experience at needed scale,Workflow Triage,hold_employment_style,2026-05-08,Do not apply as job; only pursue if vendor/project path appears,2026-05-09,docs/opportunity-log.md,Do not message via bots or scraped contact data
C10K-005,2026-05-09,Codex10k,Callee AI Solutions,CalleeAIsolutions@gmail.com,Skool public post,https://www.skool.com/brendan/hiring-n8n-automation-engineer,Voice AI agency automation,"Agency has client surge and needs n8n/API automation layer for bookings, outreach, lead gen, and internal ops",10-Day Workflow Revenue Recovery Sprint,contacted_fixed_scope,2026-05-09,"Watch for reply; if positive, request anonymized input/output and scope paid milestone",2026-05-11,gmail:19e08eb2da5715f2,Sent done-for-you fixed-scope build offer; no employee-role framing
C10K-006,2026-05-09,Codex10k,Strive Digital,bruno@strive-digital.com,LinkedIn public post,https://br.linkedin.com/company/strivedigitall,Outbound lead-gen / data ops,Needs main database plus per-client sheet workflow with duplicate prevention and client-specific statuses,10-Day Workflow Revenue Recovery Sprint,contacted_fixed_scope,2026-05-09,"Watch for reply; if positive, request anonymized main DB and 2 client sheets",2026-05-11,gmail:19e08eb918b791a3,Sent fixed-scope project proposal around their exact data synchronization problem
C10K-007,2026-05-09,Codex10k,Bluestork AI / BygAI.dk,contact.bluestork.ai@gmail.com,Reddit public post / inbound Gmail,https://bygai.dk,Computer-vision automation lift for floor-plan measurement,"Buyer says BygAI.dk already has a semi-automatic solution for AI-driven floor-plan measurement to painter quote, but further computer-vision automation may be valuable; prior DTU master's student work did not generalize consistently across varied plans",Paid computer-vision feasibility milestone,phase0_reply_sent_awaiting_approval,2026-05-09,"Wait for Bluestork to confirm Tuesday May 12 meeting time or approve USD 1200 Phase 0; if approved, prepare payment link/invoice and record settlement evidence before ledger credit",2026-05-10,gmail:19e091525a4d297b; gmail:19e0916f642c7360; gmail:19e09217059048e0; gmail:19e0923670fd29ae; gmail:19e0924dd475b380; gmail:19e094216cbfaeeb; gmail:19e09449bd7d27aa; private/bluestork/bluestork_phase0_proof.md; docs/bluestork-phase0-scope.md; outputs/codex10k/bluestork-phase0-scope.pdf; gmail:19e0af07c7a8730e; docs/bluestork-phase0-payment-request.md; outputs/codex10k/bluestork-phase0-payment-request-draft.pdf,"Sent in-thread reply with public-safe Phase 0 scope PDF attached. Reply accepted Tuesday May 12 at 11:00 Danish time, positioned the three PDFs as suitable Phase 0 samples, recommended USD 1200 Phase 0, and requested wall-height/opening-deduction rules before final net wall-area claims. Prepared payment request draft and estimated processor-fee math for immediate invoice/payment-link step after approval."
C10K-008,2026-05-09,Codex10k,Shilling Strategy Consulting,keerthivasan@shillingstrategyconsulting.com,LinkedIn public post,https://in.linkedin.com/company/shilling-strategy-consulting-ssc,Consulting / workflow automation,Public post asked for N8N automation freelancer with workflow integrations and scalable automation systems,10-Day Workflow Revenue Recovery Sprint,contacted_fixed_scope,2026-05-09,"Watch for reply; if positive, request one workflow plus 5-10 sample records/screenshots",2026-05-11,gmail:19e08ec44f776529,Sent done-for-you fixed-scope build offer with demo link
C10K-009,2026-05-09,Codex10k,RestaurantFlow OS,heldermiranda96@gmail.com,n8n Community public post,https://community.n8n.io/t/hiring-automation-engineer-wanted-n8n-core-role-restaurant-tech-startup/292053,Restaurant revenue automation,"Needs production n8n workflows for OpenTable/SevenRooms booking data, Supabase, GHL, Printnode, multi-tenant idempotency, HMAC validation, and error handling",Fixed-scope RestaurantFlow workflow build,contacted_fixed_scope,2026-05-09,"Watch for reply; if positive, request smallest workflow group, payload examples, and Supabase table shape",2026-05-11,gmail:19e08f2811f81844,Sent USD 2500 fixed first-workflow-group offer; framed around test environment and acceptance checks
C10K-010,2026-05-09,Codex10k,SPAudio,tech@spaudio.it,n8n Community public post,https://community.n8n.io/t/seeking-experienced-freelance-n8n-automation-expert/207669,Audio / operational automation,"Needs freelance support for self-hosted n8n setup, production workflows, complex API integrations, daily support, and optimization",n8n stabilization sprint,bounced,2026-05-09,Do not retry tech@spaudio.it; find alternate official SPAudio contact only if public and relevant,,gmail:19e08f2ac74d0895,Original send gmail:19e08f2a422b2929 bounced with 550 5.1.1 address not found
C10K-011,2026-05-09,Codex10k,PristinePro Technologies,careers@pristineprotech.com,Reddit public post / company site,https://www.reddit.com/r/n8n/comments/1p03o0g/looking_for_n8n_developer_with_2_years_of/,AI automation consultancy,"Public post asked for n8n AI agent help; company site shows AI automation work around transcription, media processing, and document updates",Fixed-scope n8n AI agent build,contacted_fixed_scope,2026-05-09,"Watch for reply; if positive, request one workflow and 5-10 anonymized sample records/screenshots",2026-05-11,gmail:19e08f2c2d25180a,Sent USD 1500-2500 fixed workflow offer; no employee-role framing
C10K-012,2026-05-09,Codex10k,Noevo,io@noevo.io,LinkedIn public post / company site,https://lk.linkedin.com/jobs/view/n8n-%2B-ai-automation-assistant-part-time-at-noevo-io-4347043760,EdTech operations automation,Public posting described n8n and AI automation needs for AI-powered student counselor platform; site shows application support and document checklist workflows,Fixed-scope Noevo operations workflow build,contacted_fixed_scope,2026-05-09,"Watch for reply; if positive, request one workflow and anonymized input/output examples",2026-05-11,gmail:19e08f2e136045e9,"Sent USD 1500 fixed workflow offer for intake, checklist, routing, reminders, or reporting"
C10K-013,2026-05-09,Codex10k,MJBLAW,jshenkar@bernllp.com,n8n Community public post,https://community.n8n.io/t/law-firm-is-looking-for-fractional-support-in-n8n/264725,Legal operations automation,"Law firm asked for fractional support developing and maintaining Monday.com workflows, n8n automations, operational efficiency, and integration projects",Fixed-scope Monday.com + n8n legal-ops workflow,contacted_fixed_scope,2026-05-09,"Watch for reply; if positive, request one manual/fragile workflow, Monday.com board structure, and anonymized records",2026-05-11,gmail:19e08fa5b32c3037,Sent USD 1500-2500 fixed one-workflow offer with confidentiality and data-minimization framing
C10K-014,2026-05-09,Codex10k,BoviC,borhanovic11@gmail.com,n8n Community public post,https://community.n8n.io/t/looking-for-n8n-expert-accounting-automation-saudi-vat/264293,Accounting automation,Asked for n8n expert to build Saudi VAT accounting automation system,Fixed-scope accounting ingestion-to-review workflow,contacted_fixed_scope,2026-05-09,"Watch for reply; if positive, require approved VAT rules, anonymized samples, and explicit no tax/legal advice boundary",2026-05-11,gmail:19e08fa8fbc3903d,Sent USD 2500 fixed technical automation milestone; stated Codex will not certify tax/ZATCA compliance
C10K-015,2026-05-09,Codex10k,El Wong AI startup,elwongyvr@gmail.com,n8n Community public post,https://community.n8n.io/t/now-hiring-operations-pm-for-ai-startup/294087,Startup operations automation,"Fast-growing AI startup needs delivery, onboarding, team coordination, process docs, systems audits, and implementation plans around Notion, Airtable, and ClickUp",Fixed-scope ops workflow build,contacted_fixed_scope,2026-05-09,"Watch for reply; if positive, request one onboarding/delivery workflow and anonymized input/output examples",2026-05-11,gmail:19e08faaff62fd56,Sent USD 1500 fixed implementation slice offer; explicitly not a full-time PM application
C10K-016,2026-05-09,Codex10k,Aditya Das AI agency,aditya.das.own@gmail.com,Skool public post,https://www.skool.com/%40aditya-das-5910?g=ai-automation-society,AI agency / voice + CRM automation,"Recent post asked for a single long-term n8n, Vapi, and GoHighLevel partner with live project proof",Fixed-scope n8n/Vapi/GHL workflow build,contacted_fixed_scope,2026-05-09,"Watch for reply; if positive, request one client workflow, current GHL/Vapi stack, and sample payloads",2026-05-11,gmail:19e09038c416fd10,"Sent USD 1800 fixed first workflow group offer; framed as implementation partner, not employee application"
C10K-017,2026-05-09,Codex10k,Mattia Tessaro / AI products,ecomaichatbot@gmail.com,Skool public post,https://www.skool.com/ai-automation-society/were-hiring-freelance-ai-developer-start-immediately-2?p=1c7ac68c,AI product / chatbot automation,"Post requested a freelance AI developer for custom chatbots, AI agents, n8n or Voiceflow workflows, and practical shipped proof",Fixed-scope AI agent or n8n task build,contacted_fixed_scope,2026-05-09,"Watch for reply; if positive, ask for one task, target stack, and definition of done",2026-05-11,gmail:19e0903b1170799f,Sent USD 1200-1800 fixed first task offer with demo link
C10K-018,2026-05-09,Codex10k,Krishna Aggarwal,talktokrishna321@gmail.com,Skool public post,https://www.skool.com/%40f2fb6908044349598d33f95bdad887f1?g=5minai-2861,AI workflow collaboration,Public post asked for a n8n developer to collaborate on smart automations and AI-powered workflows; profile is recently active,Fixed-scope n8n automation collaboration,contacted_fixed_scope,2026-05-09,"Watch for reply; if positive, request apps involved, current manual steps, and desired output",2026-05-11,gmail:19e0903cedbdd1bf,Sent USD 1200-2000 fixed workflow group offer
C10K-019,2026-05-09,Codex10k,Peernation / KnowledgeIQ,bob@peernation.co,n8n Community public post,https://community.n8n.io/t/looking-for-experience-n8n-builder-1-to-2-years-experience/245570,Platform workflow automation,Public n8n post asked builders to email Bob for platform workflow development with hands-on n8n experience,Fixed-scope platform workflow build,contacted_fixed_scope,2026-05-09,"Watch for reply; if positive, ask for one workflow description, tools, and acceptance criteria",2026-05-11,gmail:19e0903f1d028522,Sent USD 1200-1800 first milestone offer using test workspace/dummy data boundary
C10K-020,2026-05-09,Codex10k,SB CAIO / Aman Gupta,guptaaman060491@gmail.com; nematovjasurbek577@gmail.com,Skool public post,https://www.skool.com/seamless-8336/hiring-for-ai-automation-devs-n8n-or-makecom-experience-preferred,AI automation agency overflow,"Post requested contractual AI automation specialists for n8n/Make, APIs, AI agents, and real-world business workflows",Fixed-scope overflow n8n/Make workflow build,contacted_fixed_scope,2026-05-09,"Watch for reply; if positive, request one active client workflow, current manual process, and desired output",2026-05-11,gmail:19e09040f45a4f6b,Sent USD 1200-2500 overflow project offer; explicitly framed as fixed-scope execution partner
C10K-021,2026-05-09,Codex10k,Elite Staffing Solutions / Wichita Staffing,info@wichitastaffing.com,Make Community public post / official site,https://community.make.com/t/hiring-make-com-monday-com-expert-help-scale-my-staffing-business-with-smart-ai-automations/107133,Staffing order intake automation,"Founder asked for Make.com + Monday.com automation to parse forwarded order emails, extract details with AI, check Monday.com via GraphQL, create AutoFlow items, and alert on blocked orders",Fixed-scope order-intake stabilization build,contacted_fixed_scope,2026-05-09,"Watch for reply; if positive, request 3-5 failing order emails, Monday board fields, and successful AutoFlow item shape",2026-05-11,gmail:19e0905b7db83be0,Sent USD 1800 fixed Order Intake v1 offer; official contact page listed info@wichitastaffing.com
C10K-022,2026-05-09,Codex10k,Graeham Watts / Intero Real Estate,graehamwatts@gmail.com,n8n Community public post / public real estate profile,https://community.n8n.io/t/looking-for-an-experienced-n8n-developer-to-help-implement-a-production-real-estate-automation-system-paid/247380,Real estate automation,"Public post requested paid help on production GoHighLevel + n8n + SearchAtlas real estate workflows for lead routing, follow-up, nurture, outreach, messaging, video, and calls",Fixed-scope GHL+n8n reliability sprint,contacted_fixed_scope,2026-05-09,"Watch for reply; if positive, request highest-risk workflow, GHL trigger, success/failure behavior, and sample lead records",2026-05-11,gmail:19e0905d640c02d5,Sent USD 1800-2500 reliability milestone offer; email found on public real estate profiles/listings
C10K-023,2026-05-09,Codex10k,nocodecreative.io / Wayne Simpson,wayne@nocodecreative.io; hello@sales.nocodecreative.io,n8n Community public post / official site,https://community.n8n.io/t/we-re-hiring/247068,Automation agency overflow,"Public post sought contract/freelance n8n developer help; official site shows AI, low-code, API, workflow automation, and app development services",Fixed-scope n8n overflow build,contacted_fixed_scope,2026-05-09,"Watch for reply; if positive, request client-safe brief, tools involved, and definition of done",2026-05-11,gmail:19e0905f6b7f8fe0,Sent USD 1500-2500 fixed overflow build offer to founder and sales inbox
C10K-024,2026-05-09,Codex10k,Merch Club,jay@merchclub.com,Reddit public post,https://www.reddit.com/r/n8n/comments/1q52ks7/hiringremote_skilled_n8n_workflow_automation/,Ecommerce shipping notification automation,"Public post asked for n8n shipping notification automation using Google Sheets, carrier APIs, OpenAI review prompts, weather, Supermail/Gmail, logging, and delay alerts",Fixed-scope Shipping Notification v1,contacted_fixed_scope,2026-05-09,"Watch for reply; if positive, request sample sheet structure, example order row, preferred email service, and carrier API",2026-05-11,gmail:19e090615f966eaf,Sent USD 1800 fixed Shipping Notification v1 offer
C10K-025,2026-05-09,Codex10k,Mcode Consulting,anushka@mcodehq.com,Reddit public post,https://www.reddit.com/r/n8n/comments/1rxs43t/hiring_video_ai_automation_farm_for_product/,Product video automation,"Public post asked for a Video AI Automation Farm for product content with company, website, and email listed",Fixed-scope Video Automation v1,contacted_fixed_scope,2026-05-09,"Watch for reply; if positive, request target video format, product input fields, preferred generation tools, and first-batch acceptance checks",2026-05-11,gmail:19e090bef5321288,Sent USD 2500 fixed Video Automation v1 offer using dummy product data/test assets first
C10K-026,2026-05-09,Codex10k,Next Level Growth Partner / Tom Santella,tom@nextlevelgrowthpartner.com,Skool public post,https://www.skool.com/ai-automation-society/hiring-6ae4ab1f?p=b7283e18,Agency fulfillment automation,"Public post asked for n8n fulfillment around outreach workflows, GHL integrations, voice AI, chat widgets, and lead-conversion automations",Compliance-first lead-response workflow,contacted_fixed_scope,2026-05-09,"Watch for reply; if positive, keep strict no-spam/no-deceptive-autonomy boundary and request one client-safe workflow brief",2026-05-11,gmail:19e090c15f5b9de0,"Sent USD 2500 fixed compliant lead-response/booked-call workflow offer; explicitly refused spam, deceptive impersonation, and policy-evasion flows"
C10K-027,2026-05-09,Codex10k,Arif Asgar,arif.askerov99@gmail.com,Skool public post,https://www.skool.com/ai-automation-society/looking-for-senior-n8n-makecom-automation-expert-2-years-experience?p=bfc5565c,Automation agency overflow,"Public post asked for experienced n8n/Make specialist for complex custom workflows across legal, real estate, healthcare, and e-commerce",Fixed-scope n8n/Make overflow build,contacted_fixed_scope,2026-05-09,"Watch for reply; if positive, request tools involved, current manual process, exact expected output, and acceptance checks",2026-05-11,gmail:19e090c353941289,"Sent USD 1500-2500 fixed workflow group offer; framed as overflow implementation capacity, not employee role"
C10K-028,2026-05-09,Codex10k,Momentum Digital,hi@needmomentum.com,Glassdoor public posting,https://www.glassdoor.com/job-listing/gohighlevel-ghl-expert-%E2%80%93-marketing-and-sales-systems-momentum-digital-JV_KO0%2C52_KE53%2C69.htm?jl=1009934837935,GHL workflow systems,Public posting sought GoHighLevel expert for marketing and sales systems; fit as fixed-scope workflow sprint instead of full-time role,Fixed-scope GHL workflow sprint,contacted_fixed_scope,2026-05-09,"Watch for reply; if positive, request one pipeline/client snapshot, current failure path, and acceptance checklist",2026-05-11,gmail:19e090d9ae99fe47,Sent USD 2500 fixed 10-day GHL workflow sprint; framed as not full-time
C10K-029,2026-05-09,Codex10k,Gachet Ponzellini LLC,admin@gachetponzellini.com,Reddit public post,https://www.reddit.com/r/n8n/comments/1qmbmd0/looking_for_n8n_automation_dev_ocr_parsing/,Tax document OCR automation,Public post listed a USD 1200 fixed n8n OCR/parsing/Postgres project with direct email and sensitive tax-doc constraints,Fixed-scope n8n OCR/Postgres build,contacted_fixed_scope,2026-05-09,Watch for reply only; no further outbound unless they respond because a prior separate-run message existed,2026-05-11,gmail:19e091058299e02a,Sent USD 1200 fixed first-release offer with sanitized/redacted sample boundary; prior separate-run message gmail:19e08dedf46b363f found after send
C10K-030,2026-05-09,Codex10k,Bendito Soft Tech Pvt Ltd,contact@benditosofttech.com,LinkedIn/Glassdoor public posting,https://in.linkedin.com/jobs/view/senior-ghl-automation-ai-developer-at-bendito-soft-tech-pvt-ltd-4406932933,GHL agency delivery overflow,"Public posting asked for GHL snapshots, CRM pipelines, workflows, email/SMS automation, webhooks, Make/Zapier, DNS/email setup, and AI-assisted debugging",Fixed-scope GHL/AI automation pilot,contacted_fixed_scope,2026-05-09,"Watch for reply; if positive, request one client-safe snapshot/workflow brief and define test-subaccount access",2026-05-11,gmail:19e091083db2bcb0,Sent USD 1500 fixed 5-business-day overflow pilot; no live client data until access boundaries agreed
C10K-031,2026-05-09,Codex10k,Terborg Zorg,info@terborgzorg.nl,Reddit public post / official contact page,https://www.reddit.com/r/n8n/comments/1sti7jh/automation_expert_wanted/,Healthcare recruitment automation,"Public post asked for automation ownership across Meta Ads, n8n, Supabase, GoHighLevel, Bendy, Otentica, and Claude AI from ad click to signed contract",GDPR-safe n8n/GHL/Supabase hardening sprint,contacted_fixed_scope,2026-05-09,"Watch for reply; if positive, request anonymized workflow map/screenshots and the highest-failure handoff only",2026-05-11,gmail:19e0910ab68fecff,"Sent USD 2500 7-day hardening sprint offer; explicitly no candidate, patient, or contract data by email"
C10K-032,2026-05-09,Codex10k,Swoopa / Rory,rory@getswoopa.com,n8n Community public post,https://community.n8n.io/t/we-are-looking-for-someone-who-has-experience-with-n8n-and-ghl/279268,SaaS lead/support/trial follow-up,"Public post asked for help making sure no lead, support request, or trial user is left without follow-up across GHL, OpenPhone, Gmail, and workflow systems",Fixed-scope n8n + GHL reliability sprint,contacted_fixed_scope,2026-05-09,"Watch for reply; if positive, request the single follow-up path leaking the most value plus anonymized payloads/test account",2026-05-11,gmail:19e0911955a5ca92,Sent USD 2500 fixed stabilized workflow group offer with test-contact and no-customer-data boundary
C10K-033,2026-05-09,Codex10k,GoodieX Tech LLC,admin@goodiex-tech.com,Reddit public post / official site,https://www.reddit.com/r/n8n/comments/1r69egp/looking_for_n8n_automation_expert/,Clothing sales lifecycle automation,Public post requested an n8n automation expert to manage the full sales lifecycle for a clothing business,Fixed-scope n8n sales-lifecycle sprint,intro_video_sent_awaiting_response,2026-05-09,Wait for GoodieX to send current tools and the highest-friction sales step; if positive prepare Stripe Payment Link or hosted invoice for USD 1800 v1 scope,2026-05-10,gmail:19e0911b9155643c; gmail:19e0d8f21a4d07e1; gmail:19e0dbc2e35630dc; goodiex-intro.html; outputs/codex10k/goodiex-n8n-sales-lifecycle-blueprint.json; docs/goodiex-intro-video-script.md; docs/goodiex-v1-scope.md,"Krystal Boyd replied asking for an introduction video. User approved the response and Gmail reply 19e0dbc2e35630dc sent the client-facing intro walkthrough link; sample n8n blueprint added to the public page; payment-ready USD 1800 v1 scope is prepared but not sent."
C10K-034,2026-05-09,Codex10k,Town of Duck NC,knickens@ducknc.gov,Public RFP page,https://ducknc.gov/news/request-for-proposals-website-redesign-cms-implementation/,Municipal website CMS QA,Public RFP requested comprehensive website redesign and CMS implementation with proposal deadline May 14 2026,Accessibility/CMS workflow QA support option,contacted_fixed_scope,2026-05-09,"Watch for procurement reply; if positive, send one-page scope and acceptance checklist for USD 6500 support option",2026-05-11,gmail:19e0918f02a759bd,Sent USD 6500 10-business-day accessibility/CMS QA support option; explicitly not a prime full-service municipal redesign-firm submission
C10K-035,2026-05-09,Codex10k,Hunger Task Force,zachary@hungertaskforce.org,Public RFP page,https://www.hungertaskforce.org/2026/03/18/website-redesign-rfp/,Nonprofit website/donation workflow QA,"Public RFP described full website rebuild focused on food-resource access, monthly recurring donations, WCAG 2.1 AA, and Blackbaud/Fundraise Up/Quorum/Galaxy integrations; proposal deadline passed but vendor selection listed May 20 2026",Donation/accessibility launch QA support option,contacted_fixed_scope,2026-05-09,"Watch for reply; if positive, request CMS/integration stack and send one-page scope with acceptance criteria",2026-05-11,gmail:19e0919708d02b01,Sent USD 9000 donation/accessibility/workflow QA support option for internal team or selected vendor; no donor/client/beneficiary data by email
C10K-036,2026-05-09,Codex10k,Idaho Forest Restoration Partnership,russ7024@vandals.uidaho.edu; idahoforestpartners@gmail.com,Public RFP page,https://idahoforestpartners.org/services,Nonprofit website beta launch QA,"Public RFP showed beta testing May 7-15 2026, final website launch June 1 2026, SiteKreator migration, resource library, redirects, accessibility, Aweber, donations/sponsorship CTAs, and staff training",Website beta QA launch-support sprint,contacted_fixed_scope,2026-05-09,"Watch for reply; if positive, request beta/staging URL, selected CMS, resource-library status, and migration inventory",2026-05-11,gmail:19e09231a31216c8,Sent USD 6500 7-10 business day migration/accessibility/resource-library launch QA support option; not a late replacement proposal
C10K-037,2026-05-09,Codex10k,City of Waverly IA,jljohnson@waverlyia.com,Public RFP page,https://www.waverlyia.com/news/city-of-waverly/city-of-waverly-w.aspx,Municipal website launch QA,"Public RFP requested website redesign, development, hosting, and maintenance services with accessible, user-friendly, sustainable platform goals; proposal deadline already passed",Website redesign launch QA support option,contacted_fixed_scope,2026-05-09,"Watch for reply; if positive, request current project/vendor status, staging timing, CMS, and priority citizen paths",2026-05-11,gmail:19e09234c800d9d4,Sent USD 6500 7-10 business day accessibility/CMS/migration launch QA support option; explicitly not a late full redesign proposal
C10K-038,2026-05-09,Codex10k,Chain Reaction Motorcycle School,luke@chainreactionmotorcycleschool.com,Reddit public post / official site,https://www.reddit.com/r/AiAutomations/comments/1s599vw/looking_for_ai_automation_expert_to_build/,Scheduling/payment automation,"Public post requested AI digital front office across Wix forms, Gmail, Stripe, Airtable, Make/Zapier, phone/SMS/email, scheduling, payments, enrollment tracking, and MSF eCourse timing",Phase 1 scheduling/payment source-of-truth build,contacted_fixed_scope,2026-05-09,"Watch for reply; if positive, request workflow video or 3 anonymized examples and scope paid Phase 1",2026-05-12,gmail:19e092dbf9996651,Sent USD 3500 Phase 1 offer; no student data by email; no promise of MSF RES browser automation before access review
C10K-039,2026-05-09,Codex10k,Ferncliff Camp and Conference Center,kimberly@ferncliff.org; info@ferncliff.org,Public RFP page,https://ferncliff.org/about/jobs/rfps/,Nonprofit website launch QA,"Open website redesign RFP with May 25 proposal deadline; scope includes CampBrain, DonorPerfect, Constant Contact, ADP, Square, content migration, staff editing, accessibility, giving, camp, retreat, nature school, outreach, and store paths",Donation/integration/accessibility QA support,contacted_fixed_scope,2026-05-09,"Watch for reply; if positive, send one-page acceptance checklist for support slice or selected vendor",2026-05-14,gmail:19e092de4305b72a,Sent USD 4500 bounded QA/support option; not a prime redesign bid; no donor/camper/staff/applicant data by email
C10K-040,2026-05-09,Codex10k,City of Hidden Hills CA,amber@hiddenhills.gov,Public RFP page,https://hiddenhills.gov/city-departments/city-clerk/notice-inviting-bids-proposals-rfps/,Municipal website launch QA,"Open website redesign and development services RFP due May 15; scope includes redesign, development, hosting, training, ongoing maintenance, and public-agency CMS handoff",Municipal accessibility/CMS migration QA support,contacted_fixed_scope,2026-05-09,"Watch for reply; only communicate through designated RFP contact; if positive, send one-page QA scope",2026-05-13,gmail:19e092e04acef122,Sent USD 6500 launch QA support option; explicitly not bypassing RFP or replacing prime vendor
C10K-041,2026-05-09,Codex10k,SCIDpda,marione@scidpda.org,Public RFQ page,https://scidpda.org/website-redesign-and-development-for-scidpda-request-for-qualifications-rfq/,Community nonprofit website launch QA,"RFQ due May 13 with October 2026 launch target; site needs donations, property listings, event calendar, RFQ/RFP postings, multilingual translation, accessibility, security, staff training, and governance materials",Multilingual/accessibility/security launch QA support,contacted_fixed_scope,2026-05-09,"Watch for reply; if positive, send one-page beta QA/support scope or support selected vendor",2026-05-12,gmail:19e092e31c4c2514,Sent USD 4000 bounded support option; not a late full redesign bid; no resident/donor/applicant/tenant data by email
C10K-042,2026-05-09,Codex10k,ShelbyKY Tourism,mason@visitshelbyky.com; ethan@visitshelbyky.com,Public RFP page,https://www.visitshelbyky.com/articles/post/request-for-proposals-website-design/,Tourism website migration QA,"Open VisitShelbyKY.com redesign RFP due May 29; moving away from Simpleview/Granicus with Whereabouts CRM collaboration, accessibility, SEO/GEO, redirects, Datafy, WhatsGood, Flodesk, analytics preservation, and post-launch support",Tourism website QA/accessibility support package,contacted_fixed_scope,2026-05-09,"Watch for reply; if positive, send one-page support-subcontract scope and acceptance criteria",2026-05-14,gmail:19e092e54ededdf6,Sent USD 7500 bounded QA/accessibility support option; not a prime website proposal
C10K-043,2026-05-09,Codex10k,Bellingham Housing Authority,procurement@bellinghamhousing.org; Chris.Longwell@BellinghamHousing.org,Public RFP page,https://bellinghamhousing.org/request-for-proposals-website-development-and-design-services/2026/04/20/,Housing authority website launch QA,"Open RFP-BHA-2026-04-IT due May 27; scope includes modern accessible public site for applicants, residents, landlords, property directory, rebrand/logo, staff training, launch, and 12-month support",Housing authority accessibility/property-directory launch QA support,contacted_fixed_scope,2026-05-09,"Watch for reply; if positive, send one-page QA scope for selected vendor or BHA acceptance testing",2026-05-14,gmail:19e092e797f754eb,Sent USD 6500 bounded QA/accessibility support option; not a prime redesign proposal; no applicant/resident/landlord data by email
C10K-044,2026-05-09,Codex10k,City of Willow Springs MO,htooley@willowspringsmo.com; bhicks@willowspringsmo.com,Public bid page,https://www.willowspringsmo.com/bids.aspx?bidID=8,Municipal CMS/forms/accessibility QA,"Open website redesign and content management services RFP due May 29; replacing CivicPlus with hosted CMS, forms, staff portal, agendas/minutes, document management, ADA/WCAG, future .gov transition, and staff editor guardrails",CMS/forms/accessibility acceptance testing support,identity_clarified_awaiting_review,2026-05-09,"Wait for City review after bids are submitted; if they ask for more detail, send one-page USD 6800 QA/accessibility acceptance-testing scope",2026-05-14,gmail:19e092e9eef4b373; gmail:19e0970a8808eef1; gmail:19e0af09f34ad913,"Sent in-thread reply clarifying Nakul is an independent freelancer / sole proprietor, not a larger company; kept the fixed-scope support option bounded for the City or selected website vendor."
C10K-045,2026-05-09,Codex10k,Yolo-Solano Air Quality Management District,BJamros@ysaqmd.org,Public RFP page,https://www.ysaqmd.org/about-the-district/announcements/,Air district website accessibility QA,"Open RFP for Website Redesign and Development Services with ADA Accessibility Compliance due June 1; scope includes content migration, staff training, accessibility documentation, testing, and deployment",Accessibility and launch QA support option,contacted_fixed_scope,2026-05-09,"Watch for reply; if positive, send one-page acceptance checklist for YSAQMD or selected vendor",2026-05-14,gmail:19e092ebf47ff420,Sent USD 6500 bounded QA/accessibility support option; not a prime redesign proposal
C10K-046,2026-05-09,Codex10k,Visualfestation / Peter Adams,visualfestation@gmail.com,Make Community public post,https://community.make.com/t/looking-to-hire-a-pro-for-integration/107978,Make integration,"Public Hire a Pro post asked for help integrating Skool, Zendo, Airtable, Rewardful, and Stripe and listed direct email",Payment/access/affiliate integration v1,contacted_fixed_scope,2026-05-10,"Watch for reply; if positive, request first flow to prioritize, app ownership, dummy/test records, and rules for refunds, failed payments, duplicates, and manual review",2026-05-12,gmail:19e0fc30bdc1e43f; visualfestation-integration.html; docs/outbox-next.md,"Sent USD 1200 fixed v1 offer with client-facing integration packet. No live payment credentials by email; use Stripe test mode, dummy records, and least-privilege access."
C10K-047,2026-05-09,Codex10k,SoIN Tourism / Clark-Floyd Counties CVB,Janelle@GoSoIN.com,Public RFP page,https://www.gosoin.com/request-for-proposals/,Tourism CMS/CRM/partner portal launch QA,"Open RFP for website services, CMS, CRM system of record, and Partner Portal/Extranet; questions due June 1 and proposals due July 1 2026",CMS/CRM/partner portal launch QA support,contacted_fixed_scope,2026-05-10,"Watch for reply; if positive, request staging/vendor-selection window and convert USD 8500 support slice into final one-page scope, acceptance criteria, and payment link/invoice",2026-05-14,gmail:19e0fd37e18291d8; outputs/codex10k/soin_launch_qa_support_proposal.pdf; docs/outbox-next.md,"Sent USD 8500 bounded launch-QA support option with verified PDF attachment. No individual pre-submission meeting request; no visitor, partner, or CRM production data by email."
C10K-048,2026-05-09,Codex10k,Lindsey Moore / Make.com specialist search,,Make Community public post,https://community.make.com/t/make-com-automation-specialist-ongoing-or-project-based/107052,AI workflow automation / internal ops,"Public Hire Help post from April 7, 2026 asks for an experienced Make specialist to build and maintain automations across Slack, ClickUp, Google Workspace, and Claude with monitoring, error alerts, and documentation",Reliability-first Make build and maintenance sprint,monitor_only_qualified,2026-05-09,Manual follow-up only if this thread is still open; lead with one production-grade Make workflow plus monitoring/alerting sample,2026-05-12,docs/opportunity-log.md,Project-based or ~10 hours/week; strong fit for AI workflow hardening but no outreach in monitor run
C10K-049,2026-05-09,Codex10k,Charbel Sarkis / facilities maintenance company,,Make Community public post,https://community.make.com/t/expert-needed-google-workspace-facil-it-google-chat-work-order-intake-automation/102786,Lead intake / work order ops,U.S. facilities maintenance company says high-volume work orders arrive by email and portals and wants a Make MVP in ~30 days to parse Gmail work orders into FACIL-IT with Google Chat coordination,Work-order intake and triage MVP,monitor_only_qualified,2026-05-09,"Manual follow-up only; angle should be bounded Gmail-to-system intake with idempotency, parsing confidence checks, and escalation path",2026-05-11,docs/opportunity-log.md,Directly matches intake automation pain and has a concrete 30-day MVP
C10K-050,2026-05-09,Codex10k,JR Pool Pros / Jose Rodriguez,,Make Community public post,https://community.make.com/t/automations-with-api-jobtread-voiceflow-and-airtable/104131,Quote/workflow memory automation,"Owner describes 40 active pool jobs, a working Voiceflow assistant, and a documented need for Make scenarios connecting JobTread API and Airtable memory so the assistant can answer job-state questions and later take actions",Voiceflow-JobTread-Airtable phase-1 build,monitor_only_qualified,2026-05-09,Manual follow-up only; lead with read-only JobTread sync plus Airtable memory before write actions,2026-05-11,docs/opportunity-log.md,"Clear buyer pain, detailed scope, and natural fixed-scope first milestone"
C10K-051,2026-05-09,Codex10k,Cafe Manager / Toast POS reporting fix,,Make Community public post,https://community.make.com/t/toast-pos-make-google-sheets-help/108218,Dashboard/reporting cleanup,Restaurant operator says Toast API data already lands in Make and Google Sheets but totals do not match Toast Sales Summary because aggregation lives in Sheets and duplicate or partial runs corrupt reporting,Idempotent POS reporting reconciliation sprint,monitor_only_qualified,2026-05-09,Manual follow-up only; lead with moving aggregation and dedupe into Make and defining a reconciled summary table,2026-05-10,docs/opportunity-log.md,Strong short-cycle debug-and-finish opportunity with exact acceptance criterion: totals must match Toast daily summary
C10K-052,2026-05-09,Codex10k,StartAI,,Wellfound public listing,https://wellfound.com/jobs/3533470-airtable-specialist-automations-configuration,Airtable CRM/dashboard automation,"Wellfound listing posted May 8, 2026 describes a freelance or part-time Airtable specialist role for building bases, automations, dashboards, and integrations with Slack, Google Workspace, Stripe, and CRMs for digital businesses and agencies",Airtable automation and CRM systems sprint,monitor_only_qualified,2026-05-09,"Manual follow-up only; if pursued, frame as project-based Airtable cleanup plus automation package rather than open-ended staffing",2026-05-12,docs/opportunity-log.md,Fresh listing with recruiter active and project-based option explicitly allowed
C10K-053,2026-05-09,Codex10k,MVM Management Company,,Wellfound public listing,https://wellfound.com/jobs/3844627-airtable-architect-automation-specialist,Internal tools / Airtable stabilization,"Wellfound listing posted May 8, 2026 describes a contract part-time Airtable Architect & Automation Specialist to design, stabilize, and automate internal operational systems across multiple teams with Airtable, Zapier, and Make",Airtable stabilization and internal-ops refactor sprint,monitor_only_qualified,2026-05-09,Manual follow-up only; best angle is audit-plus-refactor for existing Airtable systems with reliability and role-based views,2026-05-12,docs/opportunity-log.md,Higher-quality contract signal than generic hiring posts because the pain is existing-system stability and error reduction
C10K-054,2026-05-09,Codex10k,Archestra,,Algora public bounty page,https://algora.io/archestra-ai,AI workflow infrastructure bounty,"Algora shows open bounties as of this run including a USD 1500 Unified OpenAI-format LLM proxy endpoint and smaller queue, budgeting, and MCP admin tasks for an enterprise MCP gateway and orchestrator",Targeted bounty implementation,monitor_only_qualified,2026-05-09,Review issue scope before any build commitment; prioritize the USD 1500 proxy endpoint only if the spec is narrow enough for a bounded delivery,2026-05-13,docs/opportunity-log.md,Not buyer outreach; included because it is a live public bounty source directly relevant to AI workflow infrastructure
C10K-055,2026-05-09,Codex10k,Claire Manwaring / caregiver SMS app,,Make Community public post,https://community.make.com/t/looking-for-short-term-help-with-make-bubble-supabase-claude-twilio/108581,AI workflow automation / lead-intake-style messaging,"Make Community post from May 7, 2026 seeks a short-term freelancer for a mid-May build using Bubble, Supabase, Make, Twilio, Claude, Slack review, and analytics to run stateful SMS caregiver flows",Stateful SMS and HITL workflow sprint,monitor_only_qualified,2026-05-09,"Manual follow-up only; lead with a bounded 3-4 week state machine plus human-review build, not open-ended staffing",2026-05-10,docs/opportunity-log.md,Strong because it names the stack the buyer already chose and the build window is immediate
C10K-056,2026-05-09,Codex10k,Nikolaos Zissidis / e-commerce brand,,n8n Community public post,https://community.n8n.io/t/hiring-n8n-automation-specialist-paid-long-term-remote-e-commerce-shopify/284836,Content workflow automation,"n8n Community post from April 5, 2026 asks for a paid n8n workflow that turns competitor scripts into short-form videos using Google Drive, Claude API, and AI video tooling for 10+ social accounts",AI video content pipeline v1,monitor_only_qualified,2026-05-09,"Manual follow-up only; best angle is a bounded content-pipeline v1 with approval checkpoints and export handoff",2026-05-11,docs/opportunity-log.md,Project is concrete enough for a fixed-scope first release even though the thread mentions long-term potential
C10K-057,2026-05-09,Codex10k,GeniusAISolutions,,n8n Community public post,https://community.n8n.io/t/looking-for-n8n-expert-for-paid-debugging-session-whatsapp-airtable-openai-workflow/276670,CRM / messaging workflow debugging,"n8n Community post from March 13, 2026 asks for a paid 1-2 hour debugging session on a WhatsApp Cloud API, Airtable state machine, OpenAI, and Telegram handoff workflow with bugs in state logic and escalation",Paid workflow audit and fix plan,monitor_only_qualified,2026-05-09,"Manual follow-up only; angle should be a paid race-condition and handoff-state audit with a short remediation plan",2026-05-10,docs/opportunity-log.md,Very small entry offer and explicit budget openness make this a clean consult-sized opportunity
C10K-058,2026-05-09,Codex10k,Christian Tekwe / ProductBuilder SaaS,,Make Community public post,https://community.make.com/t/hiring-make-com-specialist-for-multi-client-content-automation-saas-ai-apis-airtable-publishing-workflows/103804,AI publishing workflow automation,"Make Community post from February 18, 2026 describes a 3-module pipeline using Claude API, Airtable, and automated publishing for 20+ creator clients in a health and wellness content SaaS",Research-and-scoring module sprint,monitor_only_qualified,2026-05-09,"Manual follow-up only; propose module 1 research-and-scoring first, then expand if reliability is proven",2026-05-11,docs/opportunity-log.md,Good fit because the buyer already decomposed the system into modules and multi-client parameterization is explicit
C10K-059,2026-05-09,Codex10k,Synergy Effect / Tomas Maciulskas,info@s-e.lt,n8n Community public post,https://community.n8n.io/t/hiring-ai-automation-engineer-n8n-ai-agent-developer/294904,AI automation / n8n project delivery,"Fresh May 7 2026 post asks for project-based freelance/contractor cooperation building production-ready n8n, AI agent, RPA, OCR, CRM/ERP, finance/logistics/customer-support and HITL automations",Project-based AI automation delivery packet,contacted_fixed_scope,2026-05-10,"Watch for reply; if positive, request one real process, systems involved, target output, sample records, and quote a USD 1800-4500 fixed milestone",2026-05-12,gmail:19e0fb48b5c32d18; synergy-effect-ai-automation.html; docs/synergy-effect-ai-automation-proposal.md; scripts/check-email-cadence.mjs,"Sent fixed-scope project-delivery response to info@s-e.lt after May 10 cadence gate allowed; positioned as project-based independent freelancer, not employee role, with public technical packet and sample workflow links."
C10K-060,2026-05-10,Codex10k,JEnterprises / medical consulting practice,,n8n Community public post,https://community.n8n.io/t/hiring-long-term-n8n-postgres-build-for-a-50-state-medical-consulting-practice-multi-tenant-self-hosted-runs-for-years/294834,Internal tools / workflow consolidation,"May 7, 2026 n8n Community post seeks a long-term self-hosted n8n plus Postgres build to replace fragmented Notion trackers, Google Sheets, Zapier flows, and one-off scripts for a 50-state medical consulting practice",Foundation sprint for multi-tenant ops platform,monitor_only_qualified,2026-05-10,"Manual follow-up only; propose a scoped foundation sprint for intake, state model, and auditable workflow orchestration before full platform build",2026-05-13,docs/opportunity-log.md,Strongest buyer pain is replacing fragmented systems of record with one durable workflow platform
C10K-061,2026-05-10,Codex10k,Ignatius / small professional collective,,n8n Community public post,https://community.n8n.io/t/hiring-n8n-specialist-postgresql-email-automation-project/294131,Reporting / statement automation,"May 4, 2026 n8n Community post asks for two weekly workflows plus month-end variants that query PostgreSQL, group records, and send formatted email statements through Azure Communication Services",Postgres-to-email statement automation sprint,monitor_only_qualified,2026-05-10,"Manual follow-up only; treat as a 5-9 hour bounded build with test fixtures and explicit acceptance emails",2026-05-12,docs/opportunity-log.md,Small but clean fixed-scope implementation with an existing data pipeline already in place
C10K-062,2026-05-10,Codex10k,Darius888 / digital marketing agency,,n8n Community public post,https://community.n8n.io/t/hiring-n8n-specialist-for-automated-b2b-lead-generation-systems-ongoing-work/277583,Lead generation / CRM enrichment,"March 16, 2026 n8n Community post seeks ongoing n8n work for two B2B lead-gen systems that find companies, enrich decision-makers, AI-score fit, and output daily into Google Sheets or Airtable",Lead-gen proof-of-concept pipeline,monitor_only_qualified,2026-05-10,"Manual follow-up only; best angle is one proof-of-concept source and scoring pipeline before a larger retained build",2026-05-13,docs/opportunity-log.md,High buyer intent because the requester wants architecture guidance and proof with real data before full payment
C10K-063,2026-05-10,Codex10k,1_Hunnid / UK music agency setup,,Make Community public post,https://community.make.com/t/need-someone-to-build-an-ai-automation-workflow-just-starting-out-willing-to-pay-flat-fee/105487,Lead intake / payment-gated workflow,"March 13, 2026 Make Community Hire Help post asks for a flat-fee Tally plus Airtable plus n8n lead-capture pipeline with two manual approvals and a payment-status toggle that pauses workflows",Lead capture and approval workflow package,monitor_only_qualified,2026-05-10,"Manual follow-up only; lead with a bounded intake-and-approval workflow package using Airtable as the control plane",2026-05-12,docs/opportunity-log.md,Good fit for a compact fixed-scope build with explicit human approval checkpoints
C10K-064,2026-05-10,Codex10k,Deep Ops Fitness,,Wellfound public listing,https://wellfound.com/jobs/3366414-backend-python-engineer-ai-agents-crm-automation,CRM / lead intake automation,"Current Wellfound contract listing describes an AI-powered CRM for fitness coaches that should auto-reply to Instagram leads, qualify them, book calls with Calendly, take Stripe payments, and send reminders",Lead qualification and booking automation milestone,monitor_only_qualified,2026-05-10,"Manual follow-up only; frame as a CRM-automation milestone around lead qualification, booking, and payment handoff rather than a broad platform role",2026-05-14,docs/opportunity-log.md,Contract-shaped startup listing with explicit buyer pain around intake-to-payment workflow automation
C10K-065,2026-05-10,Codex10k,SynMax,,Wellfound public listing,https://wellfound.com/jobs/3851968-hubspot-crm-administrator-4-month-contract-remote-contract,CRM cleanup / workflow governance,"Current Wellfound 4-month contract listing seeks a technical HubSpot administrator to clean unused assets, optimize CRM structure, and rebuild workflows and pipelines for better data quality",HubSpot cleanup and automation-hardening sprint,monitor_only_qualified,2026-05-10,"Manual follow-up only; best angle is a CRM cleanup sprint with measurable before-after hygiene and workflow governance",2026-05-14,docs/opportunity-log.md,Clear data-cleanup and pipeline-governance pain rather than a generic admin role
C10K-066,2026-05-10,Codex10k,Upwork client / AI Automation Specialist (Airtable),,Upwork public listing,https://www.upwork.com/freelance-jobs/apply/Automation-Specialist-Airtable_~022002036270148181770/,Airtable automation / reporting,"Public Upwork-style listing surfaced on May 10, 2026 says the client wants Airtable plus AI workflows across data, leads, content, reporting, and integrations with OpenAI, Zapier, Make, and n8n",Airtable systems package,monitor_only_qualified,2026-05-10,"Manual follow-up only; treat as a bounded Airtable systems package, not open-ended staff augmentation",2026-05-13,docs/opportunity-log.md,Very current public buyer-intent listing with direct overlap in Airtable plus AI workflow scope
C10K-067,2026-05-10,Codex10k,Upwork client / Airtable-Salesforce CRM integration,,Upwork public listing,https://www.upwork.com/freelance-jobs/apply/CRM-Integration-Automation-Airtable-Salesforce_~021988661581788257692/,CRM integration / data sync,"Public Upwork-style listing surfaced on May 10, 2026 seeks a freelancer to automate synchronization and troubleshooting between an Airtable CRM and Salesforce system",Airtable-Salesforce sync sprint,monitor_only_qualified,2026-05-10,"Manual follow-up only; pursue only as a dedupe and upsert integration sprint with a narrow reconciliation spec",2026-05-13,docs/opportunity-log.md,Strong match for CRM cleanup plus integration reliability work
C10K-068,2026-05-10,Codex10k,mediar.ai / screenpipe bounty,,Algora public bounty page,https://algora.io/mediar-ai/bounties/community?fund=mediar-ai%2Fscreenpipe%231175,Workflow bounty / invoice operations,"Current Algora board shows a live USD 100 bounty titled Create workflow: Supplier invoice reconciliation alongside related workflow tasks",Supplier invoice reconciliation bounty,monitor_only_qualified,2026-05-10,"Manual follow-up only; verify acceptance criteria and keep effort below bounty value before taking it on",2026-05-15,docs/opportunity-log.md,Small GitHub-style paid workflow opportunity rather than outreach lead
